left_biceps_left_forearm_angle,right_biceps_right_forearm_angle,between_shoulders_left_body_angle,between_shoulders_right_body_angle,between_shoulders_right_neck_angle,between_shoulders_left_neck_angle,between_pelvis_left_thigh_angle,between_pelvis_right_thigh_angle,right_thigh_right_calf_angle,left_thigh_left_calf_angle,right_body_right_thigh_angle,left_body_left_thigh_angle
1.5440692633414395,2.025895607371067,1.3579795820643874,1.536558495426507,1.3181355281918405,2.4577717707272044,1.496412165257487,1.6945445301932043,0.16520882145347168,0.15397956877991759,0.028949580988157537,0.06797111314541293
1.4409880074367871,2.013643548373956,1.3618037740361473,1.5377464935766856,1.3090960556581646,2.4465624733056712,1.5075643646387473,1.7210546721090123,0.26296732008133306,0.26710902264542224,0.048463692804071624,0.03817174426456919
1.5462605996213898,1.8698361872602662,1.3697457445465318,1.5489776442613823,1.2404311389771032,2.4473919996971807,1.5330230629853465,1.7311966423744645,0.3275377445022452,0.3163246620732582,0.044962191146750194,0.015791487174856123
1.4365851610461984,1.5849983969617034,1.3700357681920785,1.5534328184135116,1.165823942077425,2.463630630082358,1.547099160717567,1.7180280904847929,0.3281520876286481,0.33593114633456966,0.037496173999400986,0.05028990840391891
1.3150960528757785,1.2196071830396509,1.3881947193474242,1.5517000711689757,1.137214547535969,2.46195999718346,1.54335350407705,1.719383887540849,0.33206840160910733,0.31344855575140823,0.10359474833574435,0.07837607450593488
1.2423882114142895,0.9579781533712186,1.364004355817491,1.5411308783511288,1.1658172604725616,2.485940672939847,1.5551595622566268,1.7267262650135797,0.40411948453938173,0.29786793832478126,0.08063875294277376,0.10678592749168515
0.9405565664444934,0.6601449196878476,1.3054015825941772,1.4850626691582274,1.1665143256723005,2.5299544571577313,1.5821667429426116,1.6971195755286874,0.4732657655170991,0.35931445365272774,0.11122880186920084,0.12245651706309263
0.8839272536324094,0.49915895909137314,1.3927876400111492,1.658564860592639,1.186204666350448,2.60297906555014,1.5919916503284801,1.7101000055443465,0.5160823569103059,0.4163267232653347,0.2890490555383091,0.07014890797362687
0.9135328777586411,0.3902169016361815,1.4547154481183409,1.6851437414006212,1.2988848612061819,2.5848298037666284,1.6144216488621312,1.7453925989719588,0.6511548458713962,0.47266058535734506,0.3799916407486585,0.14744170346527385
0.7063702189294635,0.29674420203812124,1.42968575527717,1.6174361932445882,1.3031776660763716,2.5426450868520494,1.6560764584711578,1.7478691649628104,0.7119244056936614,0.6266041697073397,0.3896972464203231,0.24709528839357042
0.6864966278574226,0.33329654224363486,1.448627863250441,1.6124176572409172,1.3797039642386009,2.5100894761006454,1.6651986785322765,1.7578379121347325,0.881499835607887,0.6851163367512786,0.4762821640797164,0.38153689367195
0.7526656440846016,0.38053560704671857,1.4488089398588917,1.6103157286164436,1.337897832340713,2.4809097665733404,1.6448629919873967,1.7363591777550487,0.8978719520961053,0.7375951514622651,0.46071096381795557,0.41570664560434706
0.9388000621934878,0.38329103407624965,1.469192095835448,1.6198991604981672,1.3796940047597643,2.4324696834048276,1.6278518902425998,1.74751770637353,0.9607506350786231,0.7665260032806375,0.48415811211305226,0.4686556509604799
0.9181021947752172,0.29876283702838563,1.5281463628410707,1.6911175397871243,1.3298949501316155,2.317531947172105,1.642167416112568,1.7863029328078284,0.9976753472623152,0.8375555922053695,0.5043569973055161,0.609220065650948
0.7789958417262101,0.3636719447001978,1.508078620905565,1.7071999773845887,1.1904957662679554,2.155030684563938,1.6831949778543378,1.824504712642519,1.0315397894433276,0.8041617320412412,0.5565172268184158,0.7001831996217084
0.7152048400940995,0.5171675710771161,1.5645750860293839,1.7734548733033744,1.1959046850375037,2.137976362713152,1.6982928430753574,1.8458986188675754,1.021260600558798,0.8222812008923702,0.6374482503000871,0.7432290998965828
0.7076060102345235,0.5633412025530643,1.569818273251438,1.7879136129351194,1.140470879981409,2.109929048755463,1.7029444204641844,1.8583367972833935,1.0138517479356752,0.769197131720548,0.653730654930038,0.7441464417628783
0.6944666918895361,0.5953917578613063,1.558452269288175,1.774602478704026,1.143837512677298,2.181422499368616,1.6879226993349323,1.8581871932178244,0.8702839854619727,0.7054518087872008,0.554097628533196,0.6398268314179454
0.6256206013304725,0.6540047082342169,1.5447470521601658,1.7586665527409504,1.1241604130805196,2.170841562733413,1.66486070805883,1.7783985954179828,0.4907297496855336,0.5460482847893281,0.4478666291448878,0.5806261480058488
0.5850419723256896,0.6470993660837705,1.4812253153847423,1.6982497438733373,1.0006328984051436,2.038201584091145,1.6260469380909441,1.7513703923555566,0.434060686720241,0.4356618660386231,0.2912141682976951,0.4425125743657991
0.5579427498736024,0.578086309763535,1.4923159948423976,1.7107796506988882,0.7990722939084879,2.061734233839452,1.5671975751472562,1.7683258398846724,0.34897448080138194,0.25401865622814157,0.11635524219378968,0.16674675284959803
0.844942046582102,0.5648624289198491,1.5187396212267315,1.6934693596039612,0.8177098317173661,2.0415083591882306,1.548730010875641,1.7790039140363059,0.294663797601683,0.2995962146860166,0.14332207015464574,0.10346505457461111
1.0441094317130584,0.5516277856347296,1.5265107991220086,1.6790008528438518,0.7563727227749337,1.9996818988902392,1.5111635948446334,1.749256857353148,0.23036832790601278,0.31143982169769363,0.1464018534380894,0.08745616716990909
1.3450883976630181,0.5474971781308312,1.5659538920152682,1.7022607168072155,0.7268224638024349,1.9842529824505293,1.4679614875468747,1.6983140168441104,0.17488868376126782,0.4172965740816168,0.10751274412553015,0.09912875286342854
1.4214870023446713,0.6907202538634712,1.6397065103657658,1.7485162229221238,0.7514577028737307,1.9485586643745285,1.5204603186233714,1.708213379419106,0.20826051406733154,0.4185593363163213,0.09480858178652862,0.09893848042984177
1.4873948320974788,0.6240570140971642,1.6789600575533181,1.7805708291992854,0.8165687392863251,1.9590487724130798,1.4911402380353205,1.6766669390184301,0.1886419462692355,0.4121890288154868,0.09660461490797134,0.10004994656020479
1.6805919261050577,0.4747476929446952,1.7242273860357011,1.8212460614983585,0.8132061569954494,1.9567028706986593,1.4893226293107702,1.6692412994779975,0.17130503582945308,0.38697904163178976,0.10247030080841577,0.06127911571407079
1.7039083027617745,0.5581837383177781,1.7394770133252078,1.8327542859210046,0.8140019775146895,1.9359374013555732,1.505782204299033,1.6738273725814958,0.15640025189819387,0.3924610362704252,0.12537028932405356,0.04019761567992765
1.6785370449721462,0.5861325975263951,1.7345436963939262,1.826692689565797,0.811391076289865,1.9340949183647231,1.5118957255393557,1.665032828637259,0.1828398170321567,0.3889667025549129,0.15114432480484744,0.008052177213682869
1.5916140697984802,0.5997633489201873,1.7162549402229705,1.8066742582649433,0.7824693932167286,1.9376346572338927,1.5078785929699965,1.6581922614164901,0.18932370830159606,0.38078862134192404,0.15263325687408758,0.005538121736387287
1.4441896480368968,0.7222908199528328,1.6899600170905,1.7863824755155633,0.747274473248968,1.9710203273356282,1.5017728480060335,1.6445294703829303,0.21455022727630083,0.4227259445303989,0.1627717622214881,0.02613199614441216
1.2474225882460481,0.6868581473089129,1.6544284277402919,1.7635236781366102,0.7239680960889682,2.030158231679055,1.5211995893736514,1.6319150457714044,0.19245732875134594,0.45121822476492834,0.14372321266444263,0.1090546148411491
1.1449879753919372,0.6845601416305578,1.663584422170705,1.755682887295129,0.7164781672915465,1.99897224611011,1.5427536166120361,1.6344106844239044,0.22856825644094542,0.46168683141168665,0.20662681657764215,0.06986179462692123
0.7423077384010935,0.6669858666002242,1.6202346926853286,1.7102748229081652,0.6934344959222078,1.9353121127130883,1.527598198599363,1.6145498773101847,0.25750453894852976,0.48078814462054453,0.18246990503237193,0.07759312075922718
0.4557391182572309,0.6093017154081489,1.6355261824125982,1.6886948233645775,0.6978846734093588,1.8256240588469728,1.5186003101406182,1.5949945633924107,0.295871101486419,0.5330608767239545,0.1218000847180007,0.128440374803044
0.38303957179012993,0.4643185678898097,1.6019727832930704,1.6657599268472782,0.7171723981623609,1.8387927171010787,1.5100543399105337,1.6065744274252927,0.3730046272221434,0.5522222762393482,0.03293210674639548,0.22242035160721957
0.27071763476451566,0.5305772226300209,1.5602820200978669,1.6456020517588787,0.7191444983715412,1.8127917697531446,1.4800940381302887,1.5660760899608333,0.4902159895195135,0.6339095094071421,0.10358360707080877,0.30710903476864265
0.3431026807367194,0.5466056252152431,1.533694196550751,1.633866770755405,0.7422511602490621,1.8237701465752971,1.4292744372142583,1.5156632201135443,0.5907981696617148,0.7266538170208714,0.24939932588529712,0.4028466529818819
0.31178608947549474,0.5524179320654736,1.5623145431024221,1.63348525098936,0.767025162334009,1.8230005782312397,1.382240027392115,1.4694110422320719,0.6666967558697863,0.8362412498685784,0.3320072219040571,0.43951206511457946
0.35724608914473027,0.5870579324704773,1.5959695947218515,1.664165804081469,0.783079842922649,1.8536639451495291,1.3515021745563602,1.4441689128105484,0.7193860758888825,0.9523311124606125,0.3649241787259573,0.4779584432285922
0.37611105877291245,0.6248262641969936,1.5843895553807559,1.6633385188936214,0.7723614124609169,1.875535356416821,1.338176485976603,1.4291852683228425,0.7137514806878179,1.0225009290882188,0.3756631095137872,0.50021391724568
0.48450739094082834,0.6632851793196641,1.5836354183690606,1.6844909440948108,0.745404522075896,1.8419037989212725,1.3448399306986236,1.4304115515693583,0.6979930824592824,1.0038447362324645,0.3301127546680582,0.4775013922763374
0.5493115698333327,0.7500435128220914,1.5819054228857035,1.7066706711819466,0.7340883854229706,1.8504463934356705,1.3414561718387765,1.4202570420338498,0.7044233284554003,1.0145991891252837,0.3094319305127274,0.45489404474603473
0.5708511069877577,0.9188735173948062,1.5070977416592082,1.6480444953690085,0.6966524538294973,1.7611101763284387,1.3531786791898006,1.4147762969412516,0.7423840937498715,0.9752347128193811,0.34685686207120137,0.4733406766976069
0.6734716244236163,0.8377697016696978,1.492106680117391,1.6319350212189143,0.6925272739377423,1.7660758900210074,1.3723933407317803,1.414706901055781,0.7530797037930077,0.9512675020084345,0.35455708871494007,0.46702204117419366
0.5023368379767063,0.5803806945415464,1.4410277098163167,1.5627111038311448,0.6639191316366928,1.7306189580922857,1.3803738072844967,1.4488893822121196,0.76318459458028,0.8889976109192503,0.3565115381818418,0.4596280875835774
0.4793929175771546,0.5562624449170136,1.4646545861563034,1.5586544217486542,0.667761478173208,1.7159788172220223,1.4045284680743153,1.4392675890800115,0.7632647589598314,0.7495766663695232,0.32244777758395776,0.36992795813655505
0.6192954769978765,0.4536401815662003,1.5167601681329912,1.62346031515522,0.6613399962122406,1.7764297165507894,1.4104009245988873,1.444549878109577,0.7088715170078098,0.7190161413372009,0.2802765622222953,0.3306877392241612
0.7915848579176633,0.4838590971403289,1.5382768280183836,1.6267913323118655,0.668173228063541,1.7590038389022589,1.440417183139758,1.5015327675993846,0.5424707814330264,0.6305610719954056,0.18543102448419108,0.26739396995923165
1.0085305344720352,0.5797205376051351,1.5575353911232575,1.6506599571290455,0.6621235687858255,1.7595465087560123,1.4637340178655605,1.541961473141113,0.41195960785858415,0.511675625601482,0.11132257154291963,0.22483010629761788
1.2000113586708123,0.8958818154070567,1.6002332732900337,1.6994371698271404,0.6602581238403014,1.7904285600018106,1.4852421415403712,1.5728180452229592,0.3295999052056131,0.45590455373912514,0.05635052235339237,0.18386352624224725
1.4222172138051805,1.2105955610918164,1.6478362906317958,1.7525155889987492,0.6554030653161301,1.7546901461841709,1.4490619203431117,1.5673609871985141,0.21291561430075898,0.4169708128720194,0.07852736125096528,0.14079821624459946
1.820466179186989,1.1151683403921946,1.6758856208474306,1.7871538277579546,0.6925697976145281,1.8206851530364017,1.4482228500761873,1.5889884144854116,0.1701583019795545,0.3243344158630837,0.10793769402184869,0.0713589362317078
1.5819718412629713,0.9886206049788081,1.732451481633622,1.8360574175124456,0.7392268287264324,1.8588344933597558,1.4427373136779778,1.5555513099244838,0.21479492735987704,0.3269468969108905,0.09340665809847443,0.08433124188416445
1.503845437713515,1.1764969383233705,1.7675638521039374,1.8626936532889737,0.7432385242203523,1.8238485951052303,1.4465240698150694,1.5412338028867618,0.22752938970873798,0.32737076416049143,0.09393506510182545,0.10383323648306673
1.6495387727323974,1.0139176691200713,1.7647174348334327,1.8604429586135705,0.7453092103582731,1.8242553438812465,1.4358642818955683,1.5529465294356786,0.17353661774455806,0.3543097090487175,0.10635612715499307,0.11278095552034793
1.6426705813671865,1.122114668667221,1.753433183627621,1.854925782656277,0.7674293920479207,1.864616216834344,1.4371209712854203,1.552722820810351,0.19345528332815148,0.33641519564348626,0.0990313720171543,0.09877413890676395
1.6691728775749204,1.009098954133867,1.7301504338557852,1.8285788556270886,0.7501192556912499,1.8785920824516802,1.4392471219736827,1.5555663334032765,0.2025522991673062,0.32822663628431786,0.11321962503587993,0.09539467028591
1.5598735964137427,1.0306266014130583,1.7355109121470667,1.8441133829311607,0.7485507034127641,1.9632025188083309,1.4367305466632012,1.5552366613075181,0.20539328428456466,0.3664057209676785,0.15671531672379435,0.11313389501961602
1.1487391655915087,1.2344685078619408,1.7401199010413915,1.8458525824859253,0.7540017224767197,2.028044720588876,1.4781384378042546,1.577444573157381,0.20170201099169555,0.4011086657442166,0.15285800906545718,0.1187360421918549
0.8243445569440417,1.157665249068678,1.728922186136073,1.8337168310340521,0.7617761856608558,2.0355084371936005,1.4996686117089966,1.5828788699481044,0.3084956500342935,0.4045423748780359,0.08361452005891953,0.12321205555678202
0.46702816618454396,1.3397418826080825,1.707560632824101,1.8260472467925783,0.760600622051681,2.07824150047669,1.4937496154131347,1.5416030449293003,0.4394627289947865,0.45671252091225756,0.10560889042944324,0.16563909326959775
0.2899246227483704,1.348479983614374,1.6866887361486362,1.8073112838877947,0.7659267614291745,2.0397864209478165,1.4695355442200522,1.5307366623374887,0.48966758526173254,0.5255309334169643,0.12057759325766043,0.20067033846175092
0.22877235601364088,0.6281222516893965,1.575265831815609,1.724368169730865,0.6663989328158894,1.8307036135303196,1.4461581290582664,1.5075265025499673,0.5627456775468791,0.5858328594583443,0.15302556161174063,0.25145645963581537
0.1645777856577202,0.5982924790845622,1.624465431793829,1.7683732810322381,0.6785051035839892,1.8453403309354894,1.4321283621901029,1.4976086481534647,0.6298346441125219,0.7014647086658646,0.18581560369851827,0.2814929858252825
0.30271522726221634,0.6586835244625361,1.5928951165416323,1.7336913248265857,0.6783310960471974,1.823560257974646,1.4029403318021234,1.4637475152334174,0.7752568948424952,0.8270169051687748,0.22001536922593526,0.31951171152060964
0.4676459105088665,0.6184839063214348,1.5846558805495479,1.7252416126630912,0.6899108836000392,1.841717166047496,1.3725239384949357,1.4622264927060131,0.7576510499045621,0.9102431328216397,0.23006694777338274,0.34651986951433383
0.5928935372110862,0.6418388556031683,1.5522897356394978,1.702531672769231,0.7246191804751989,1.8626613389866877,1.367232826411031,1.4798305800706892,0.7312458907183221,0.9431337141239863,0.1956070315471393,0.29989836717477114
0.7620256253374763,0.7288760798323838,1.5599883509948278,1.7269812810354341,0.7166925775971316,1.9040150817583674,1.3893284683779055,1.509271132162223,0.660481411909666,0.9467033663263026,0.1768696024188975,0.2723456250493609
0.6612636196177869,0.7016964091177266,1.5058654494926527,1.709849123608008,0.7084349013268363,1.9992678852798087,1.4289327822105198,1.5489481440184028,0.6199999805974198,0.9091462594354356,0.13438080039656602,0.22304553043270847
0.8354289154969005,1.092370731467228,1.4304964229411279,1.6305015546361505,0.717157770442616,2.001404559498468,1.4649293150634763,1.5771050916632332,0.6204920135814845,0.8865367745752921,0.08783511780508999,0.2106888923524004
1.1181997349101078,1.2393969480413507,1.410773606234545,1.6166310666004606,0.7132600961401503,2.0698879417630485,1.4927695877925624,1.603174334344611,0.5415554591966313,0.8719482537232858,0.04414181979388145,0.20464566353465907
1.1362092872018659,1.3532170677742026,1.402998270359898,1.607193701845082,0.7085457147584797,2.1460521387942775,1.4971743634985157,1.6108855363218375,0.49821128820205723,0.863825979376796,0.10271295709982735,0.19843867449338443
1.2089123178740007,1.1537342532642412,1.5158202350434842,1.689788179413295,0.7448740690087842,2.198282318256742,1.4433832647699096,1.5904012580450007,0.4574699510226045,0.9580771740928203,0.22755829921932627,0.25849265114729375
1.0304339365763613,1.2114407950398065,1.483929509183813,1.6588301817041877,0.7548174951831275,2.197035795408093,1.42422267097976,1.537285593379483,0.41845738950618827,1.0316101398434638,0.26097150806495484,0.2863138578050001
1.1206312814388872,1.295855935412553,1.542716788541949,1.7305003738993194,0.7170839873382044,2.253959479534843,1.424144143084949,1.5172123949211873,0.3939182375405846,0.9938710994806322,0.30375651548761706,0.2914967926190596
1.188111419726456,1.3304048853622124,1.5584174201614451,1.7276896950089264,0.6819007844142768,2.226079719333289,1.4089917120184672,1.4931260139611093,0.3867502468423861,0.9341870040263072,0.2836411218323892,0.33063468852605904
1.1444069920871052,1.263650943541196,1.571092153375351,1.726130355745747,0.6955536851941801,2.2186900252756105,1.3907406431475253,1.5100362198643222,0.3880096820015867,0.923145840403229,0.2398405016808598,0.34445243790476454
1.337969526024665,1.4475047771889247,1.5491054991683375,1.7110185953556742,0.6688585590492118,2.192382588390915,1.3686709524626792,1.48664638897525,0.4078275728804419,0.9143495033451664,0.24803698203940688,0.36523451609251917
1.1775737388973146,1.4727642401618397,1.456656104198699,1.6121502067001283,0.7087987205707206,2.0783439766944207,1.404591685823754,1.4925423938412266,0.4401488257852294,0.8220625720354271,0.1849419408101608,0.2962102418185504
0.8900289369744576,1.2930098421152847,1.421077683169943,1.5727626195738282,0.7613444049405028,1.9988913954463863,1.4843638845243619,1.4853031556369478,0.5236091469772378,0.7540798842836631,0.2085876093317145,0.25016765075507547
0.8799638442241728,1.1580902328569107,1.4695258405404061,1.6078244224394782,0.7576632430308694,1.9418743355514816,1.554328977120277,1.4155853350028993,0.5476289722744989,0.6795293350967685,0.2586238401832285,0.19848745255625627
0.9866434242795349,1.0142351129907883,1.5141356056454365,1.6681138563444886,0.7293982370689358,2.0419872034225737,1.5840831631848276,1.437782458344008,0.5622054901179802,0.6694844852100933,0.27858694285675956,0.16527819918519002
1.0213023655995423,1.358252237291986,1.5174243456559335,1.6422234995805816,0.7605162714449178,1.9494067893060167,1.5734179791413667,1.4441840353421431,0.5951635725162481,0.6867358280644092,0.2697830928659935,0.16979405331255362
1.2972767333952802,1.526924123669599,1.5059659859216339,1.6077919175134785,0.82039607229051,1.9888547473508944,1.544757757858884,1.4198116555947757,0.6406080246930103,0.6890003161194088,0.27703055833785256,0.15407600673745783
1.4399213261284478,1.4886650830367496,1.4843709228130648,1.6104339628637472,0.8053342128782544,2.0728098780708,1.5329894178454844,1.4195723879659345,0.6410511763252017,0.616808141699289,0.25710471769780596,0.09506002541346699
1.791955695832884,1.6422278712115435,1.4747245142277439,1.6103730565545322,0.7846729310305369,2.08642805292,1.5143988688204353,1.411162962217737,0.6301670036567066,0.6408489564639628,0.2558047944301,0.11617172176783745
1.4230829038537958,1.5679438066308053,1.4060742974838765,1.5166422463759346,0.883832990311544,2.2444947935580126,1.4726207534255655,1.4818223074504604,0.5550322230812121,0.6288539780669461,0.16876164150761264,0.05609057525412519
1.2689552634936103,1.3281710296586668,1.4582167751662856,1.6019026233855556,0.7773236620458776,2.2149320338597125,1.4480002318390448,1.494161296893482,0.4691846143355022,0.6350743706114605,0.24444329638334403,0.13864427558204417
1.14558410050702,1.3856099026382083,1.4885343790693315,1.6602928577062914,0.7276694557999323,2.2052778532383295,1.467835280904937,1.5050811375397333,0.4034894620381636,0.6286209553345903,0.2725733033044438,0.06295807939303126
1.1572731717607974,1.4687325487282832,1.5106529559150919,1.6892711662853745,0.7064406181389394,2.1934628815561554,1.4554439041607705,1.503456218661511,0.41585652557801095,0.658693890699093,0.2750739945139777,0.07214878287743152
1.1900227085817427,1.7535062220491964,1.5086354092288081,1.67536483750425,0.740136608031531,2.1994553690694416,1.4288075887061118,1.483897564867876,0.42853727687738813,0.7153795911343068,0.2560071920519623,0.08796362899162151
1.3712784063490164,1.7980824541812437,1.5057121201276567,1.6683104537688065,0.7271060197625792,2.1735446143450745,1.4300077576364667,1.4352067362984313,0.43250198648405325,0.7062944249318613,0.294400710681125,0.08923297876544506
1.4668511162443358,1.7957062445440743,1.4457633321965184,1.616956425239135,0.6736197298560541,2.059892300394628,1.4281288873751201,1.4396572846389475,0.47343748946274694,0.6928386793770499,0.20812370176143882,0.09965329891435298
1.3019913102781264,1.881877912287278,1.5001122682359815,1.6368990624229056,0.7381268075020666,1.9556052745580668,1.4676758190170878,1.44489712751721,0.4798774495266875,0.6712587594296737,0.2064334040755755,0.1351010292348682
1.1660853892611045,1.682150029963958,1.5368074994211656,1.673869538093625,0.7740064745124273,2.0312201351518793,1.5405895806941425,1.4226782553500135,0.4692164693171849,0.5074967371045633,0.2525955428734023,0.09276130708766905
1.1756042382486411,1.4622102021253678,1.575080409902904,1.7258230658635285,0.7522121555634332,2.0545530705517105,1.5805946327785627,1.421487799212416,0.4692783620578532,0.44489772061010496,0.30149968986490705,0.10546133455902465
1.0801323082221281,1.435831583531214,1.5724827032432727,1.71047875939152,0.755538030997113,1.9370441219571808,1.5860908628972779,1.4079727541360378,0.5403018750180043,0.45925215587949764,0.30377618838856596,0.141701082034133
1.219390815218452,1.6889679352734275,1.53412418587376,1.6459478425732081,0.8047835824798087,1.9435504472731606,1.552235606470765,1.4339282940161324,0.5678704165799657,0.5238095453188717,0.26796351524669804,0.18167463918458915
1.4489795478476224,1.5167637670729037,1.5401967913397847,1.6542856839664575,0.796662780866664,1.968145830209448,1.545348262551016,1.4229577741944275,0.5880135255649257,0.5396430727769322,0.2631896884632319,0.16600257766003387
1.6933110911280105,1.575392274999718,1.51558482135439,1.635919153818606,0.7607310839694492,1.978902383132089,1.5419099215113123,1.4354991356682831,0.571764747183748,0.5490152620900101,0.24459777182564876,0.15841900695149558
1.5339528382420906,1.5895356056218066,1.4857688883351121,1.6228760396721544,0.7451439282150129,2.084290373767711,1.5352578707546263,1.4455196766117078,0.5347172957214016,0.5562959577239142,0.20369204818806058,0.13797066328430288
1.2710631880368477,1.3967069883631074,1.533462922929393,1.6243938021107467,0.8450036212232536,2.116273482741393,1.5266116426669298,1.5243554556999732,0.4770390119517831,0.5607750513378194,0.18814450903365032,0.1027653209269551
1.2663218271160084,1.532690126161218,1.547599817627869,1.6742274787096088,0.7842471362092837,2.0780844033339267,1.5021519853760177,1.518773410327699,0.4562458075899165,0.6397205231220222,0.1998672285755532,0.07652990598937504
1.242648911952064,1.4554764103029005,1.5419456066424628,1.6683626847122628,0.7357714842106077,2.0334383036210006,1.4901847564183202,1.5191942117092998,0.41296839447424083,0.6796592629658127,0.202938812134289,0.08986270807096268
1.253771599652084,1.4502801400713063,1.538051099989155,1.6784681444051692,0.7051450692897714,2.024675938473031,1.4753862804611768,1.5131529393632057,0.4302669764180933,0.6966143472344596,0.22220429193817648,0.10534183387608412
1.3283821580304664,1.7015120610802572,1.5555994145025491,1.701319634883924,0.7092706697153367,2.0671888647862326,1.4670810284852396,1.5151052934475533,0.40124402742004023,0.6958004849418256,0.2376627116162787,0.11093054734728991
1.4815791067377486,1.5983204121637888,1.4997086700722175,1.675917744338053,0.6731399467545178,2.06481634395422,1.4750509574382522,1.5040801552329917,0.3588920909107453,0.6397556789928143,0.22411865210427556,0.07783071545104163
1.4080062114941143,1.7644018696420458,1.5361278038141657,1.6775524909505237,0.7543898096341609,1.9588871957360374,1.4999452409815388,1.5121781008105035,0.36390328983198056,0.6065328232681124,0.153866540952211,0.11695610936225827
1.127723049909295,1.5679570280389588,1.5877324639499846,1.724504678415307,0.7526539310694198,1.9670210027197033,1.5302725743977523,1.5009293330349884,0.3865099723115596,0.5580255901394895,0.171357369408874,0.12257450549519056
1.1063065202944777,1.3467621943863586,1.6008533486826915,1.7362962051098467,0.760936505149697,1.9561116655943684,1.5662779781357719,1.481996437953912,0.4432407032994361,0.4718666351477622,0.20298454471649546,0.11582852425349799
1.1652012237235283,1.646634792229256,1.5977626243972067,1.7278200770139542,0.7722790872120532,1.9559637081939654,1.5655215069467876,1.4610303782660423,0.5072950340347862,0.4961808465249399,0.22222089381333804,0.12166666836109083
1.1648157072846637,1.692465876670968,1.5506152505018305,1.6669410870886845,0.7870697288911608,1.9177454838629402,1.546834397171451,1.4323487902935905,0.5852170022825909,0.5716618955833395,0.24357020188773637,0.16888929345189893
1.3728549197939566,1.5616105403912763,1.516837958759794,1.6451619368833188,0.7586875758767012,1.9544020482892277,1.5252364862584655,1.4377118332654468,0.5820717926151521,0.6233093232677673,0.22936532532201234,0.17718747702610055
1.7353641944700335,1.7002377013590362,1.4757040094463632,1.6222300340214562,0.7412050853813634,2.132878634221605,1.5030537554964964,1.4458690076090084,0.5804760540853646,0.6505158811030803,0.20946661735898298,0.16611723909112694
1.4724307491432806,1.2914538825035382,1.5075042314444849,1.6512383860777229,0.7215522059998385,2.1303537956556964,1.4811635096864468,1.4732134601921778,0.5074064087085082,0.6580302604538194,0.20134596316372402,0.07900765591573676
1.2856831801464823,1.2213362012086382,1.4805488865460883,1.6000596031556082,0.719473146329693,2.0928783711485117,1.4842839494658029,1.5128423752860036,0.42617094906755104,0.6755665282631474,0.17248048632470642,0.07313955790577775
1.1463880386065326,1.2481670324734924,1.5102331460047769,1.6101207929557673,0.7468533454789974,2.0191152328607496,1.4715591368729548,1.4979457037357249,0.41454118868428885,0.7240669326432093,0.19021097575663956,0.08959532466594432
1.1014457692943873,1.4828722051340621,1.5266507369868247,1.676571105536374,0.7139732655334599,2.14358007441908,1.4523479457486121,1.4885109546048179,0.4077878883407053,0.744748241667628,0.23586944366677587,0.09925114731438435
1.1877723544014733,1.4841112734314796,1.5531462216275111,1.7012670239154353,0.7229702992152601,2.1601579419774435,1.4385007161120766,1.4765928300213353,0.41239971199825076,0.7557166503758698,0.266884942382262,0.12399247094882547
1.2312543187555196,1.4934269220001208,1.5597650197310398,1.6923865295513876,0.6891514565024853,2.062666415256081,1.4111429727978493,1.4553787484547478,0.42300344252510513,0.7797988911179035,0.26136305171892676,0.1674307869121157
1.6485660301989826,1.6674570273403793,1.493404912915782,1.6261752254484634,0.670455269458353,1.9956771394104786,1.4058867034009044,1.422495148749752,0.5024491571794543,0.7393085846544485,0.21434580699636338,0.20359823102623123
1.202032664808182,1.8208798412575644,1.478415069136255,1.5953511733019812,0.7414711104648002,1.9084052219466885,1.4482443053925094,1.3876282495611032,0.6607007462266541,0.7336437348018067,0.29668444884324907,0.25783990591003886
1.2413546766303973,1.7588143549108752,1.5212538877601118,1.6428995934033308,0.7484082033827273,1.8945482302103769,1.4673108313172196,1.4031115816892932,0.6925063246106122,0.7456181062195332,0.34478045822715375,0.2593760820855133
1.2181308534273436,1.7443391810736342,1.5187143966658139,1.6536293251835261,0.7978039342146644,1.8990028723645975,1.4708324935728339,1.3778265260482465,0.759620992907266,0.8128212523954128,0.42864827582955856,0.29627121630739317
1.2605906269123397,1.4733415151536087,1.5272767799421603,1.6716643737268306,0.8022539617460543,1.925638966785769,1.4647516553570157,1.3635347335251238,0.7530732850670244,0.8305697179645959,0.4841525435071263,0.2957434850790451
1.2834993130583416,1.4059526082389286,1.5466595079868426,1.6845207073675093,0.8077781206216771,1.9416856844473704,1.4631153298286945,1.3689192340801064,0.7265133119162143,0.8210102437429289,0.448777987813833,0.2861603150983376
1.1053858316619856,1.292277482180664,1.5829204557333685,1.7226135779464236,0.8697016445010571,1.9443493924111044,1.448687924809006,1.3862643928206269,0.7230000697267556,0.8041338774604748,0.41408279842546797,0.23935742489762613
0.6019267721069012,1.3197734547811746,1.5432775905900322,1.701230373054551,0.8290010287590904,1.943359523452708,1.4433572832657369,1.4038725029337746,0.7293732623546539,0.805295663948032,0.38442899397519215,0.20815308384400658
0.3490370796227413,1.3769748669590391,1.5194185263047766,1.6550846286867074,0.9450305546618655,2.0151658979102347,1.4368271176074756,1.4042375742896782,0.6889357911732892,0.8349884755103669,0.36485354478562554,0.23364836966838612
0.2753540299803815,1.440708043521209,1.5459936854087333,1.679640046039876,0.9909097373586765,2.0193962704878725,1.4329025404703923,1.4470836252031285,0.6773759304958487,0.8126160294370105,0.3421311739433406,0.219671636667356
0.171573474794723,1.2628917059996931,1.5611231035899449,1.7038258826529369,1.0454826909568702,2.138822403996879,1.4200533942826654,1.4886523161560785,0.5707776136028078,0.7320298331247647,0.2401970151662292,0.14428183435950795
0.17490297204049146,1.1215062054248628,1.564827867253584,1.7246552966714201,1.0703318637634043,2.2724903336490896,1.4220379906298162,1.5169514393071548,0.4746231451615222,0.6015262195594887,0.1660979572746457,0.12113379401534004
0.262264717260325,1.3045710080310027,1.5541627791523647,1.713731475061449,1.0802295485254954,2.318004424918107,1.4152221079034843,1.5596323788299056,0.3756589275808557,0.6080000716625993,0.0863727323193202,0.10169672252599123
1.065209137398525,1.449229422416551,1.5240287153232672,1.7080163996553628,1.0866027721228986,2.3694609319125943,1.4792487750773982,1.6373229342457365,0.28714477466082644,0.49675071665690845,0.027333094749122287,0.12315003112880973
1.1292350663793607,1.6710839342424393,1.560949598730067,1.7208415232578314,1.058231341866072,2.3519388525823484,1.51361058677504,1.6548820293491562,0.3252736434493181,0.4199529604702661,0.05909012524385889,0.09113769905741678
1.635761688449752,1.5213445893355124,1.5058790291856574,1.6595455492391595,1.0435840830148764,2.347820475622012,1.5379000292368026,1.668703246720975,0.19839444950932902,0.2931297035830927,0.0921571009733672,0.10377785307980857
1.5051522850411865,1.3284935199510546,1.487465836785523,1.6363606865021525,1.062844866042155,2.376499444375469,1.526996705403001,1.6631674249021018,0.2529128592131302,0.3618461284483749,0.08568486761399925,0.05461912078117798
0.9445014487963864,1.5307741123796255,1.427876957107809,1.6134344877754703,1.1395293045119017,2.4140939975129863,1.511174588968907,1.6481950806751593,0.2759644445394986,0.42665141925387523,0.03269522820189778,0.048849158775210885
0.34082891507682245,1.5456266931627487,1.454439314295959,1.6497614812832748,1.16862087718095,2.411603069406742,1.503157250902351,1.6552802708513377,0.2780915547480979,0.36782629399843964,0.07094983028616057,0.034094044899383814
0.5516324422054245,1.6195890085075468,1.4909328348820963,1.6605345622878518,1.1509587642656531,2.370255492800686,1.495198128163349,1.6841468300011788,0.2833398622881744,0.36375346100743333,0.034300503212628765,0.052711810874392924
0.6330188275913329,1.9722207663030649,1.4516924743131647,1.6217699552748963,1.1659371977486495,2.3508355230367366,1.492495530266461,1.6793308194305558,0.2673761538558319,0.33898723349820986,0.06402514801578815,0.08257446298982703
0.8761511918105395,1.6688084763316626,1.404412773563536,1.6002313863267497,1.0834296699819759,2.44061906022173,1.4943208359932663,1.674019034018425,0.22431777735178993,0.34577110644538145,0.10888194105509727,0.15761063296663105
1.0071308221654605,1.0931985793444063,1.3946727464573145,1.5744917277827652,1.0838023543818394,2.4557776442661243,1.5207837193235414,1.6739608143579487,0.24926525260572266,0.28653895657993567,0.10768748899006567,0.16374219131730428
0.9656555487035918,0.6929480266438592,1.371703990181496,1.5422653674922917,1.0772592621291812,2.4951268427463744,1.534934714733211,1.7165962262816876,0.38606499580109127,0.2645296024453587,0.05112142384922598,0.14300817449330153
0.7854928598473299,0.4418327720087043,1.381097845433748,1.5947407952768555,1.2333003104239137,2.569839908580274,1.547192553171593,1.7145253642637797,0.4908202309716897,0.2692589801316891,0.12655550543644956,0.12350541123455507
1.045069113573919,0.4960065568632435,1.4624025138455572,1.7284650857986996,1.4741412565185172,2.6327609660749682,1.5804746046026128,1.7143382858313228,0.506852923720826,0.30071513475393336,0.3309181130261152,0.11619988089670696
0.8277660134941766,0.31721692975703353,1.4445343950343619,1.7164046569976077,1.5122824338472431,2.6497236261714447,1.6026402027336455,1.6960126707879382,0.7093969308005841,0.4418333955348252,0.49128620546420976,0.20970250681336777
0.6961977833513233,0.07172564535902637,1.4194405424248626,1.5943476152269314,1.5800687383909855,2.6279191758232305,1.6267199523305902,1.672857213201949,0.7172846815461974,0.5934612654783697,0.4039311443436744,0.2575211655549667
0.7131966718877681,0.09851971787862612,1.4474566697419768,1.5997410729798238,1.5441058977905966,2.595967727554763,1.6454209651059926,1.6887902406697257,0.6773965005460078,0.6679625609425563,0.3360314318211396,0.32804015122862906
0.7800263148386897,0.16442510372262475,1.4963168125035569,1.6269276939884465,1.603656378521762,2.559689765185597,1.6702127367187214,1.7034480277442852,0.7560378978115508,0.7766502535533999,0.33739822540485304,0.4335913585512728
0.8099576915655119,0.14657603657164192,1.49429971901111,1.6235861222032975,1.6372909192013092,2.5494695043129134,1.6903352636796154,1.7263244573682015,0.795891469650971,0.7652078771495636,0.3673940695004402,0.43876027877036794
0.7845105185070655,0.12283440298153353,1.4906709531475526,1.6160310848566166,1.6232836820874739,2.5288014969348453,1.6927530522363126,1.7348670000098498,0.8031580819019718,0.761223990270433,0.3674042296970573,0.4483993887136088
0.7712884848878426,0.15759248967295222,1.4859880145811841,1.6103347090003788,1.5966709008961288,2.525434604841554,1.6901053856366295,1.742934326156129,0.8189860093915456,0.8193838309848954,0.36946512188883074,0.4541549436380857
0.7694164628349511,0.0822687493784424,1.4668769617786108,1.5942020792870808,1.572876287578214,2.540921039730804,1.6580675027147016,1.7471809190614611,0.8730916502522821,0.8184290540075608,0.4453064933402924,0.4184121016690052
1.0595250827651546,0.2512498011557257,1.4536387935976145,1.6263563947918815,1.4628631339488627,2.565794795005377,1.6465823510578024,1.7410052530019786,0.9012450032173949,0.7888428743923969,0.4781495580966257,0.3691912753478525
0.9403657832471313,0.4958964570255436,1.4216503180057427,1.606280706423298,1.4706743748040234,2.5870707950788434,1.6343967430226232,1.7174521396850557,0.8812684006579785,0.800354279362522,0.4171583919522354,0.3231098345715414
0.9248193002194808,0.6674021588034235,1.3743361574434927,1.5356907713349217,1.3571208471633573,2.5725862814174,1.5922723031860364,1.7048418113575228,0.8077599371168168,0.8516136137240744,0.3786688217770527,0.32307882764616724
0.8488671101145333,1.017979230577703,1.3239072455205694,1.4605095260384517,1.2455670285627636,2.555250070692729,1.5636431313355457,1.6703220309299314,0.6587946475834165,0.8840371340657123,0.2794749604716045,0.31398622362443224
0.9928562231196258,1.368119249068166,1.3000653118542425,1.4420251531745318,1.2144419902999737,2.5721643080368244,1.5626003170289662,1.6390737625382914,0.5379089809611679,0.836668738641062,0.20424068907603227,0.2758033069545906
1.0971005587696192,1.6505358258575376,1.2878856321459249,1.4375921463906636,1.1878829154843993,2.5726821454992046,1.534216956863868,1.6364593007955572,0.4172172183220349,0.7047565187912377,0.1441861500464738,0.22227615934593595
1.408136738980985,1.7075415891401022,1.293229961292731,1.4581326698890003,1.2432187898121105,2.5508947707753276,1.5307670678122243,1.688500125827825,0.35997251650322126,0.5564599372998896,0.07507986792238153,0.16788908352119278
0.5178858378303363,1.8469101511662016,1.325039468680571,1.4877557256659453,1.1911645449329815,2.500378570712452,1.5017310074691894,1.6806587369949468,0.2902629511995415,0.4443823315187572,0.017944449979985556,0.07285143759641956
0.39024626751673225,1.859631373930273,1.336216492977847,1.480509676656469,1.1772746847503806,2.4687651193457003,1.50278292633636,1.6912620535710428,0.30842329632030024,0.4010094339937738,0.037877581672813666,0.06630122090598406
0.5203629830506605,1.779877008867236,1.3523494284500208,1.4683644809542493,1.3327382593984896,2.420015943304861,1.5081332950486748,1.7092007563188223,0.29430502335094133,0.37164223524489287,0.07162437582699833,0.058467751683776444
0.5484341717782666,1.6554959547710717,1.3620201729637935,1.4954633613633836,1.3844929212143666,2.4348637115548715,1.5362432656896645,1.7114016510182515,0.3076717644148809,0.29907031424391417,0.09481867565211237,0.03406821478569782
0.6798637844082868,1.8902888313331214,1.373775630398621,1.5130593045613232,1.3399146713107302,2.414293545487821,1.5392729258029871,1.7278058805196026,0.30552126426046367,0.3262412196204824,0.0987465026677381,0.04405234740937915
1.1073571720449522,2.197734348559649,1.3849581023109605,1.5465153620569174,1.2366583336964885,2.374195553881292,1.5428667863093468,1.7214252050248504,0.29289157575220165,0.3391626897240171,0.0404481474372682,0.044840936761423915
1.3732874573936151,2.036043504730909,1.388153260964049,1.5696212616611398,1.1446203100602361,2.3533069439154897,1.5460056947122904,1.7171466119582384,0.29542669869741445,0.3396213110363266,0.02778819254932216,0.04690602989647625
1.2759214800159535,1.4354212360384841,1.3917489424057656,1.5742751763284855,1.0865229033148491,2.3808269861860865,1.5160517557527216,1.6944029963105822,0.3209778196898447,0.36999530716770007,0.09855918321714413,0.0504218176114028
1.1394180323783036,1.0839234828319002,1.3579742980889558,1.5364701125326008,1.0857986285275216,2.4425025942830434,1.5148848074225265,1.6921285210504105,0.2736055042170352,0.2868486758902688,0.1437270835073746,0.07945980726936695
0.7058953681192361,0.8917693774577314,1.3751876021241152,1.5396979244743187,1.168730488131009,2.4494350127758224,1.5467675206710243,1.6863210924743068,0.3256267222994016,0.33637056128380555,0.07294388340864602,0.0961738895676611
0.7605884751008921,0.639769397395845,1.359380757967597,1.5084157764435526,1.243982891218593,2.4895498958795446,1.590204541035091,1.7168116387655343,0.4859004235221319,0.3926198430006161,0.12072244398779687,0.11214490802587357
0.6219780659312572,0.49864698954868464,1.3420736709892458,1.4829107657077034,1.3278212577166308,2.5317812382963836,1.5775117648786114,1.7022546253925102,0.588419947917362,0.43039959101317266,0.22616934739796737,0.11207860920249951
0.9735188833614479,0.4025385698896286,1.4730291123998076,1.7479809543593312,1.5626513419135895,2.6359785717239896,1.5655708621447126,1.6893937636665715,0.7410031018249841,0.38887505273675055,0.5765256805084014,0.24381562884491825
0.8595334826547685,0.19111465194532612,1.4228223044382426,1.6520470561679497,1.561186988491691,2.6102034278977984,1.5921266218759569,1.7096847245446023,0.8352709248850388,0.541989366024849,0.6037077813219962,0.36030866152942287
0.7190235366408625,0.11688634384571993,1.4118647540659985,1.5947426581390058,1.5578844494994863,2.5924747549002065,1.6277125946248692,1.7169647292525811,0.8639132767627735,0.7039668812729457,0.5916062183881038,0.4696136914839772
0.7094912483023911,0.05749322450346891,1.4089336046306085,1.5790496095083708,1.5600251629073902,2.554211216815272,1.6210441055947162,1.7420245996487738,0.9698968290403145,0.6830238752285147,0.6148501888567007,0.48890527929007555
0.7720554356988553,0.2991731298073953,1.4121777217171712,1.5574061478506336,1.57026479008458,2.5362235271352214,1.6292297214303904,1.7342499952016048,0.8895581307289028,0.7729536074491214,0.5986457250905813,0.5726890839257865
0.8478693599351044,0.4276505249723905,1.4292224887540719,1.587642903208653,1.4366082675804681,2.4668401763944656,1.6378937003884058,1.753763733206916,0.875452146392123,0.8215901654766726,0.5775087948424527,0.605398902908581
0.7686798487796651,0.5130184191467292,1.4708109048104248,1.626664581585401,1.3360012829294368,2.366256992751741,1.6887793360487366,1.8053519520820889,0.9157022405205756,0.8432544990695009,0.5730063909105463,0.6806731055602078
0.6727030615351174,0.513111864312296,1.4920464556410271,1.706013757625727,1.2027901033230972,2.188075759009651,1.7164634747483227,1.836235485933924,0.9267628855124334,0.8452944086126847,0.6057001942148117,0.7781462455868796
0.6799906702653012,0.6734557338474801,1.5335866319471092,1.7603036729718178,1.1728976938988847,2.188292305439503,1.7300358567593659,1.826100888677394,0.8812301491211438,0.830363533113833,0.6324842215898999,0.7743922511561381
0.7008198290138381,0.6169459486834129,1.592470180787705,1.8218213989006573,1.1636303319661165,2.189835307292199,1.742809687037791,1.8195885837103254,0.7751437265397271,0.7899068094448322,0.5769008284573023,0.7844555576287513
0.6733087700873713,0.6448695489131303,1.588127303597514,1.8022807537961723,1.1688280968648084,2.2123537587134443,1.7241604818923535,1.758085093922159,0.44971953148322724,0.697355801503179,0.3726326252127603,0.644499997951256
0.6242699394082761,0.6640033574299776,1.573848282219077,1.7888642327683628,1.0286135815971778,2.075807873294451,1.6806489843978987,1.739707124156611,0.3929507583799973,0.6057148435042319,0.17059550697051928,0.47063628648715244
0.693077651844532,0.6333253658737351,1.593139113385885,1.7916441916941999,0.9119132763649077,2.061867104841467,1.6101723661008724,1.7313677469057978,0.3920249111539644,0.4865225099040685,0.12485749321904392,0.3574170506386893
0.7306142422552867,0.555144816688556,1.6100317652681386,1.779556806044096,0.8519633544033288,2.058496251266429,1.5227950441257354,1.7320657015911414,0.34871503132724657,0.40737563722021103,0.10036740982247026,0.21723507458848074
1.1613424521139692,0.5541613469236499,1.6535866330323064,1.8146503448099571,0.7649095193121216,2.0904827380927364,1.4430977814055341,1.728152681365248,0.2603208904641562,0.4732314410096311,0.07695053015436742,0.21790584895924692
1.239909095926397,0.5471304838442638,1.7468293793165728,1.8689961155176618,0.6851675120304545,2.077378674363689,1.508931417463163,1.6924492793595012,0.16306388898365456,0.4029630668348113,0.1381509686902883,0.08940013659231089
1.2211109534483853,0.7111679167187115,1.7641665318363804,1.8505328508499699,0.77813801589646,1.9558733157954054,1.5268616081272766,1.6920207922601114,0.24795288381601366,0.4150080392734841,0.056217979715209705,0.0806480603752878
1.3611264738291933,0.6835668772772555,1.809017535130414,1.8881387132728127,0.824489498854539,1.9518502847443338,1.524283958041958,1.6692931115383218,0.23472907253928982,0.4009832174823903,0.05546890924555396,0.06157187276619606
1.6920456884597044,0.5724664318287849,1.8097251615444747,1.8982639845104916,0.7984650441570005,1.9471811782863164,1.517900614323784,1.6616122604454981,0.2273949482669296,0.42487101398756283,0.06142277355302841,0.04370755996234381
1.7667482718531573,0.5745157564792226,1.7804816849669494,1.864895345883933,0.8220712159194739,1.93846992789515,1.4719174807246438,1.644417087042767,0.23772489378835776,0.5867946308113346,0.060231385249569315,0.10365296014959806
1.6872490031722045,0.5312559050416448,1.779087930520248,1.8925631450597356,0.7768577245862744,1.9682947997564062,1.481754091257677,1.622754797354832,0.30619863622648236,0.6032227600480874,0.026265817072799857,0.10298802596385684
1.6798925226320482,0.9627175256042176,1.7878013367846344,1.8974176265171783,0.7731322751359285,2.0543484466238313,1.4708890749093702,1.6121865937338975,0.3173006693059897,0.6162801884073921,0.0739617683867018,0.08363808299686509
1.4471338748097216,0.7921061967746804,1.823092605691874,1.911258711544404,0.7818537804700532,2.063548460726852,1.4503443333233998,1.5765922146014086,0.2514327251781669,0.597405830546938,0.2167676248438735,0.12964457289638948
1.102430438477758,1.2702466029177137,1.775786992450557,1.8459421496508925,0.7860339137563386,1.9567485758295886,1.422883453056476,1.5677230074939443,0.26553089939593405,0.7000017831294724,0.12952535479795135,0.13297648333787784
0.8313221720165783,0.8869310737513318,1.7693585888873158,1.8643665562274654,0.7429792460804922,1.9988728284082329,1.4546023725650512,1.5753937582294786,0.33585075504454237,0.7572887280103249,0.11515638101896626,0.158663687838179
0.7443095914811093,0.824230540657021,1.7142168771498438,1.8131476167358227,0.7191290812104353,1.9581682446001285,1.4711319929968023,1.5758050860146835,0.48213221650654525,0.7514051828644074,0.08635814981461919,0.25593279693798643
0.4985805478470789,0.7371451906109591,1.6403494274218111,1.7676252515375768,0.6587651710563088,1.9876839687210544,1.4467680190950747,1.5542989353474947,0.5521465612123277,0.7994303221784111,0.1594274295908535,0.3760531621105304
0.4982136598673445,0.5215264704911666,1.5267725125964642,1.654348595671363,0.6279627166905064,1.847875471666206,1.413587773965647,1.5203460670635829,0.5900598721643735,0.8670654401861263,0.24358108718249777,0.48600481868293643
0.3858649257973198,0.4654268207736629,1.5858234284158401,1.6803593056928678,0.6639147314297575,1.818278711987889,1.3928574591173466,1.5066179607419432,0.5500164724597055,0.9550655978194963,0.23829422981994108,0.4813660261876343
0.24908222848690165,0.47082578847193235,1.5381085804780048,1.6210457719748714,0.6922146731180281,1.7585933433896326,1.388744761367885,1.5076881635100812,0.5736807140721373,0.9826629498948535,0.33097679481416625,0.5281444659842246
0.14525543782999858,0.468680175270964,1.575029669851808,1.6585202977826605,0.6958590276447691,1.7489090113686903,1.3695939215136426,1.4948808437385175,0.6450458890749319,1.0590708167775156,0.39889012518239936,0.578412041942332
0.13213974739339843,0.5971831857982459,1.59456263461723,1.6865073900068213,0.6880016784458842,1.7536467537288039,1.3450819505093694,1.464545434201209,0.7220057634187711,1.1323299796438868,0.44495159398305145,0.609203064097942
0.1873579185756296,0.6450083529914856,1.5950851897633993,1.6837084079491231,0.6924180257826921,1.743588516109223,1.345850087410675,1.4620178359102287,0.7677946783077706,1.1373893585932229,0.45684396075322414,0.594580184822191
0.32474485061128194,0.6918739794050672,1.547236013226576,1.687742418138654,0.66234850365057,1.7869047993384317,1.347031251423317,1.4316248753198897,0.8192793170303095,1.1305115556711849,0.4585031966217812,0.5858093462409365
0.38631576444472604,1.0941591723464228,1.439530411278708,1.5950610448365392,0.6390269227296294,1.7006050507828732,1.339239600063061,1.4190919071111205,0.8272168777645693,1.1654887480565996,0.4754295150466172,0.6250516703305501
0.6669411768250609,1.0876454672768396,1.4499381036283585,1.6036191842058118,0.6379343730978856,1.747625268284135,1.3496534268642288,1.394171765362396,0.8274275336915479,1.146464084136827,0.450086106328243,0.6013357040479343
0.6396898629043538,0.8812457971024266,1.460562957913398,1.5958339351616557,0.6390550336618767,1.6480703195480295,1.36518552382296,1.3999816159290577,0.8276933907284397,1.155780033005338,0.4383811067915508,0.5937607059846789
0.7637987088254842,0.8648941594993652,1.580134870466964,1.709924572830945,0.634667372508853,1.837648837442094,1.4117929684099713,1.4260011584517938,0.8017811603711819,1.136906695253042,0.3963186688151969,0.5157505124652595
0.6294469748099067,0.7980324045963875,1.6267687385447747,1.7496002963343953,0.642317975633048,1.887740347179808,1.4254815038232453,1.4510295767845731,0.8046961362378589,1.1486478385443544,0.387541677630981,0.505503482326771
0.7838726727874052,0.7866869946401502,1.6162398853928137,1.723993427654569,0.6250653489698608,1.8033303588424245,1.419888349932787,1.4536647440128851,0.7978520967476919,1.108888786155635,0.3795475724697016,0.5128383440122366
0.924225012072248,0.7649290033313537,1.6316842649071095,1.7422702809630948,0.6145500441613154,1.8189975050059997,1.4308260366096708,1.4490581292119369,0.7665890193154509,0.9043143112530689,0.3749989195391165,0.44838121534758335
1.1075315088299418,0.8261901549449533,1.572355349448554,1.7006355911648694,0.6169949814012263,1.76650962018797,1.4694064278407934,1.4862043442850341,0.6304975851497442,0.6438714040068115,0.3423086761600123,0.38342133460248473
1.249747524957616,0.84597540299217,1.5823255307958837,1.7113569772137218,0.628775942307288,1.7814378995816802,1.4643559449561256,1.5088008106508415,0.4604890866332918,0.5121457643301845,0.2668060163910891,0.29668189707548964
1.4448295838341942,0.8792676223350984,1.664968041152786,1.765662504345524,0.669512000133021,1.7177915063144895,1.4564162061442527,1.5323506032855332,0.30225884691766525,0.4534065699614099,0.20114822582401226,0.26680158338407817
1.4961919153011058,0.6887623830093713,1.718198701125954,1.8185074445461622,0.682146665220475,1.7926688925402525,1.4675280892332976,1.5425197668594992,0.2784363802343533,0.46665077226677326,0.18431093541264304,0.2624425856901958
1.6026516093370011,0.669325445821466,1.7455083665008668,1.8381589677090684,0.7007289046912138,1.800673597404288,1.480772983376092,1.553892552552202,0.25231693025716173,0.4451710486659725,0.1855789723708814,0.23533691193646974
1.6812607903600285,0.6578591806692228,1.7895035941409805,1.8570471331218061,0.7444114985275642,1.7387657339469447,1.4408348247575875,1.542189278103842,0.22263340860844827,0.4045680898286848,0.10034573720548891,0.16955169568087242
2.053597742286865,1.5588732521753168,1.781970167613582,1.8695307200589957,0.741462223092046,1.7447149553804202,1.3733416187876628,1.5098716488951578,0.25392654206676285,0.4147044946115034,0.09070631794820869,0.1531196329894986
1.963353100223135,1.5904833352777878,1.7863087575042764,1.8689884463152215,0.7553373512716608,1.8737897291435548,1.3750771927617467,1.5109442344685433,0.24104074411107407,0.45546975055877925,0.0680999140666994,0.1441556990691896
1.5938534895253589,1.1785440278566002,1.820122604019862,1.9040225569415983,0.7301308077856509,1.987647394880402,1.4229481665459387,1.5150188562246505,0.25373179006813606,0.4945015511971197,0.09711903467090426,0.15777792994089704
1.3698018833336096,1.3893745013031331,1.8131193552990914,1.9057407960033532,0.7082443537444284,1.9738365129349231,1.4596355780887664,1.5654461636349564,0.29984411118790394,0.5504793360168838,0.07939812068636395,0.1864222460781818
1.0595035484995736,1.1066120737609164,1.7688274066260614,1.8650972718278367,0.6876297693760155,1.9066039859681227,1.4489348588013382,1.5430017188729668,0.37646061179339024,0.5912217651983448,0.086573503259052,0.2050351768339176
0.8186455341182212,1.0859899943656055,1.76297227297891,1.874680453695557,0.68389041724301,1.9680288141471598,1.462156605022159,1.5344954286439105,0.4520003049627011,0.640412449941183,0.13203795066236734,0.23378422802538468
0.47754899466511636,0.6709466186624417,1.6122572795641643,1.8046072243072442,0.6247055217026563,1.9921992946318974,1.4543981079099764,1.5139161233534686,0.5037711175991729,0.6697755774292982,0.14180948220333492,0.3309932999174113
0.4024394295704586,0.6499244296764166,1.5190812673920393,1.7034685958799451,0.6186035363822144,1.8850846100345693,1.4265192792770782,1.5104891768556254,0.5413235045599161,0.7909969591615004,0.2009057272443165,0.456340761478859
0.2933025473216167,0.5642659800401333,1.5137703067794424,1.6525701037241376,0.6546753014548572,1.8006341366519547,1.4293914658894527,1.5271401931716067,0.6014535285153627,0.8497565862621775,0.2868552859878934,0.4951120982436947
0.1192709906146917,0.6290932473101695,1.6094228455491701,1.7091653848998452,0.706203275981992,1.7520353451837347,1.410347448493826,1.509386966384139,0.646858374236574,0.9241178558596698,0.33520274571386244,0.46616820137250736
0.12978776348055257,0.7184348342986794,1.693575645327671,1.7820578313210083,0.7510470599318804,1.7454686896413207,1.3501223578558719,1.460501912382881,0.7662294456038217,1.1178280949455024,0.46243458377236,0.5520789822286998
0.1995165943924949,0.7083476249923357,1.717134698181139,1.8106293715529194,0.7482307902713895,1.7512066399824298,1.3606589367661104,1.4616698710497902,0.7520183425662454,1.1562078261048991,0.46082283328531637,0.5734331754337487
0.20372281930246627,0.7802173518925869,1.7143389781129563,1.818625193392517,0.7373072499270632,1.7796883316595518,1.378588950618456,1.4663998055144434,0.80268670518516,1.1774529312385702,0.4794584176955363,0.584828690666651
0.21040246416382297,0.8157205323514906,1.6818663737084774,1.778683972785272,0.8012742567604018,1.7639518489914516,1.3578414351908648,1.4626917060105367,0.8720156500381752,1.1919696232473052,0.510484504873527,0.562797356101487
0.3194662837586076,0.7805416229271727,1.5944426319019713,1.7139038847774244,0.8050772268758859,1.790893764215293,1.3575392181245654,1.474295812935117,0.8721505167635593,1.2090999907438045,0.5570284248034812,0.6113867598498987
0.3742985321958405,0.7282473853250019,1.5105668699205737,1.6811639329452566,0.9067091808429445,1.9470201742609494,1.343611618915749,1.465855517751058,0.8485657192136579,1.194641001168716,0.6054640142227615,0.602327635348239
0.44442009014925044,0.6316774129127004,1.4296744384890985,1.6459696373805008,0.946775246105083,2.0598074026947817,1.3659826023551906,1.5012573697582028,0.84266470518045,1.2216373808881642,0.6033660554515649,0.6239932990938726
0.4199198632578937,0.7064952877775951,1.3803348187431,1.5757294728748017,1.0091287339903885,2.065354886895902,1.3537462884602045,1.570398199613565,0.6553630593208045,1.030098644243288,0.6212483562885227,0.5590874146413398
0.47097596561541905,0.72213808065593,1.40530455136326,1.5969982323045118,1.0903984127558124,2.131184557880042,1.3446451352567,1.549230348643054,0.5965807191507815,0.8953162028706287,0.4368880493454774,0.3317135291320526
0.24493494256331994,0.9382758850853207,1.4403979059964385,1.6911911085431455,1.1511117717733519,2.4405561600120445,1.388763889371041,1.5796906357728266,0.5251380627546838,0.762931834036263,0.30010276355272997,0.1589895554808796
0.19300075373853423,0.6734555702829135,1.5103501468722649,1.7273325177347796,1.1215282296502334,2.4793600622231766,1.4278408884367737,1.614245395007104,0.42552813016870455,0.6022811004957876,0.16107554062778703,0.14321275553181612
1.311759127989127,0.918868506106114,1.4588924164172388,1.6549721045401935,1.0884138296537986,2.4467120660198507,1.4547824446468252,1.6237497384424122,0.39456169613901626,0.4986273915636595,0.063386576683471,0.10627030345976067
1.1182550545436436,1.1679652003372,1.3984511139099636,1.5957440970065992,1.1249389313828444,2.500734189320516,1.476580965416431,1.6303709098154147,0.3638166885404143,0.44173368489979153,0.06320193769093857,0.11733200014327722
1.332291780311582,1.288636120029394,1.359676226581613,1.5668593761420653,1.101170525870567,2.5672181248840276,1.4922893336648302,1.6578282409777414,0.20435363678233057,0.2804991807620447,0.056116259352055615,0.12012166796902024
0.9007213034336035,1.6780597736273133,1.3918508884288074,1.571687700056008,0.9671255620072089,2.5235521308068707,1.4905842155138802,1.6490624541551855,0.15665549543568275,0.29541990208687413,0.02040903440903972,0.05019496765403415
1.1345186446918898,1.328228816125566,1.384538194846512,1.5512624826714687,1.2052555802318534,2.5194876854733854,1.502949128870451,1.6375321442338107,0.1348603919254198,0.290698413764857,0.07839057039852224,0.04214150735922485
1.3244796539755603,1.411665957728955,1.4007140702944483,1.5455904577772415,1.2752973860517776,2.46852590222797,1.5417482234531747,1.647784279663798,0.18324750886314164,0.3438520903343916,0.07729110909462299,0.024165909880736237
1.0983102469456392,1.544189124257761,1.421631020331675,1.580677477717453,1.422149111156313,2.495461146928448,1.5520277626147276,1.6833795754818037,0.24378596664170776,0.35427801987457136,0.11756809105696144,0.033051860111018634
1.12282406376589,1.7410755610997404,1.4264108956202841,1.5592807232523556,1.364477776683259,2.4368576510106035,1.5222433139099218,1.7076214657711688,0.33336218315747307,0.37509586865155,0.08597810263148933,0.06431343690450499
1.0052064418747084,2.0164373547209884,1.3998591418260693,1.5882343612478595,1.1451613993778902,2.419175777214745,1.5189092953071632,1.6832568161582673,0.356614062260701,0.4317431248388151,0.057707144841109996,0.038017535550776964
0.9256010125461751,1.614347671266746,1.391116107645284,1.6229130316271818,1.0221375060086284,2.429999398014626,1.511156771335291,1.6835004185250786,0.3867380949147845,0.44746416776354436,0.1000477475137259,0.07127989619973797
1.066542899039406,1.2745321712991826,1.3791329684415525,1.580934513183732,1.0551196985678857,2.4430077445972533,1.505556895871988,1.6875515374500636,0.4822976579783054,0.4453487088679011,0.07708295179641797,0.06738674846338764
0.7189040141916186,0.876390234111395,1.3484326313869057,1.5731449706694607,1.021190276019558,2.4866131894485197,1.5553840741907832,1.6881045293373211,0.4427472709581321,0.5120168455311079,0.07502871204777092,0.06014434551957985
0.664751066914645,0.6996108697460445,1.3526714286408326,1.5391973056672594,1.1232005688083768,2.529226433486396,1.588095932317065,1.7192178444365684,0.5165576516144769,0.5742889586164207,0.056572831551348915,0.06240412776978568
0.7305485518156726,0.5674598334842866,1.3677201149322864,1.5748609604729926,1.3562038079416503,2.594309104246735,1.5998389781813387,1.7550974335748832,0.5222475450706815,0.5639625358964303,0.1981432602969347,0.09281539521169772
0.7930674171990014,0.41987230439360546,1.4289932611946345,1.6345217700869232,1.5727444208477108,2.626926024783817,1.622304612524757,1.7656932575550421,0.5463938548216984,0.5506412707017678,0.3870243281341194,0.21753513790126527
0.6766174523238103,0.16274916717499358,1.40097172997322,1.5658232403697723,1.4790164255334066,2.60190215692748,1.6335410799102257,1.768185244167311,0.6543760920345809,0.6455775550407259,0.41515186873919135,0.3096382785806411
0.7400098040354608,0.201412125075594,1.436096728923455,1.568210371945428,1.5570138613489097,2.530898548473027,1.6580172560558706,1.7614011198531652,0.6231020523090448,0.7039952569479503,0.36740712162059536,0.39036679234641025
0.8063008140794792,0.31428400283313174,1.4695081820892895,1.6143203649730649,1.5383298603845916,2.4839076522200663,1.6701368989514476,1.7773883252498626,0.6470725057980847,0.7143303352034495,0.4028758963199659,0.45813045958723325
0.7487363377483165,0.28023656958216214,1.490532409033633,1.6498448869827516,1.535778703587938,2.4901770960015726,1.6847106700302605,1.7862168676144434,0.7394885721042851,0.7266421626746166,0.4316141396098725,0.4328473292026506
0.9230401592020331,0.2987297517471517,1.4670862336581716,1.631617827125347,1.4715321323187756,2.4708658604716858,1.6940536330989058,1.7993320937866355,0.8476122789690548,0.7419342832173254,0.44908753650970046,0.41907832113299925
0.8233176713343775,0.26436756788836635,1.455700161908323,1.625159217928074,1.4648283514656817,2.482667438731604,1.6962213129909391,1.800773088337567,0.9879631120419792,0.8179840803392626,0.4767514111400035,0.44975962410382575
0.9584747026750833,0.1341118988880319,1.4628129942083812,1.6201792315221515,1.486225937761723,2.4659056437884392,1.6941913013524297,1.7880252125041385,0.9507206775717845,0.8096937729537877,0.4549966628793089,0.44550691974019446
0.8696146110019453,0.31108144968259044,1.4146709214133812,1.548950588111216,1.4689216550368591,2.448904331236523,1.671042139933848,1.7658851651039302,0.8962575716758663,0.8797658417452907,0.3904904296625525,0.4325934251387758
0.7874225130600192,0.3055287479627069,1.4515859462900074,1.6068510203395157,1.519622021017643,2.5074202797307765,1.644807482369242,1.7603541878195759,0.8218679248457773,0.8168746657061707,0.42424427877017246,0.38441692924344417
0.5266911957729893,0.3004136034112983,1.5094102951352544,1.6873138761292796,1.5182021336847775,2.539646881250186,1.6253022796522145,1.7467498511329556,0.7789204342594018,0.7528187930257675,0.4969677903378284,0.42013405653466956
0.3529328419268902,0.4747228285689397,1.3939747972081244,1.5841957593025355,1.1797958858239506,2.5241566542012612,1.589271330573332,1.7191066511315032,0.6275451316291566,0.6104703325497302,0.3352109744918526,0.28162439064077754
0.33599046305214963,0.6323039759026615,1.3629024599703508,1.5212702169279138,1.2402335010937269,2.4741003473839145,1.5817837903246121,1.7111807374153623,0.391836950858127,0.5317403691387553,0.11564974694591389,0.2137449074631629
0.3414221120737965,0.8695370019192461,1.3576249309637827,1.5235014143728685,1.2294506915015038,2.464488083737481,1.5666005695629663,1.6986104808153335,0.3904751147386458,0.4783826844948842,0.06692201495143557,0.14453305471112118
0.6945000502937247,1.1469736684968523,1.3536838244304992,1.5240553017639746,1.1896405987841472,2.4741547817562584,1.5138557216062893,1.6881753301560825,0.34734603779945783,0.3758800909802373,0.020581864880516252,0.06147188574087346
1.0206830576472639,1.458435646674489,1.3265146346633003,1.5327084181986992,1.1172233772104092,2.494659311580746,1.484261535998937,1.6734797140556936,0.27933816478891144,0.3073878197951576,0.058129477714044746,0.03890947680816475
0.7906527036182667,1.5885866421684371,1.3538638626219797,1.554089696538352,1.0959573705202998,2.4988826067875425,1.490221813667261,1.664566132642337,0.22348120536261593,0.29106179290344547,0.04948171940655095,0.07568897789746493
0.9052989037613294,1.6876760054226123,1.340991030532092,1.5351405485742964,1.146688105505202,2.5014238715405934,1.5029967480835673,1.6867327877028773,0.25175826990335126,0.2974663587556683,0.013424438710940357,0.04833156195310091
0.7190215760963673,1.7410142190086908,1.3273374183519417,1.4885567276153902,1.2926510398686248,2.4626381303289073,1.5236025251011525,1.6895426525060395,0.29051104833809555,0.35333658524585587,0.0042971047198894115,0.016513688540814996
0.7456390508125108,1.5128745829120567,1.357629681460925,1.5136998783881324,1.4510120976229266,2.4856339567629564,1.5759593682431507,1.7188181037235055,0.3126609632362733,0.24582233802212572,0.10049276228785155,0.01719974175440532
0.7874575509975831,1.661920484998404,1.3743745703104564,1.5360466335416048,1.428569085398514,2.4805332037432395,1.5851138806283758,1.7575636491521343,0.3724008242876354,0.23262960023971269,0.14735291939476003,0.012142030695348818
1.6711040454661978,1.7388766456659868,1.383056813775871,1.544235624842561,1.3911441712744925,2.4876029800840094,1.5803645803323936,1.771020795419604,0.3974506152734962,0.24464943899587385,0.14137328639952557,0.01746249259394107
1.373092616566468,1.795331601186534,1.3907753634277447,1.5776849878605226,1.356176641523799,2.490735040390535,1.5746122566251701,1.7607622031475878,0.3811708231153735,0.27602016766892284,0.09993781272910437,0.024029958732783848
1.21788746084713,1.6178221129943906,1.3643522298595512,1.5593617050466024,1.1647607018944541,2.47696531887828,1.5410758003686074,1.7274090186629296,0.3106260947868156,0.29421930773995214,0.04982949541829398,0.04420108760266151
0.9505442718271427,1.4663897850513479,1.3703018090050239,1.554107017295077,1.0456323123699482,2.4731878684108324,1.5410573202559554,1.710353716895899,0.3200690009156609,0.28040511449287747,0.053343321203512345,0.08612025215559177
0.7228218674295679,1.1487524221601788,1.377829860806657,1.5609993428444537,1.0534928694461247,2.4734732558004398,1.5414147251925738,1.6789284416665433,0.3467178073443467,0.32876486509471214,0.01984353365050595,0.05227125306106691
0.7280943237186045,0.9095373811466426,1.3630673255729104,1.5544226590326564,1.0390767885020737,2.4917307413233067,1.5420602758697457,1.6698962984175865,0.3403977455473506,0.3287083071489974,0.011730467719070978,0.06983590931014896
0.6456110581370663,0.7120457433307005,1.3344872049027787,1.5594076320100354,1.0437775475734115,2.539757923548886,1.557953714534969,1.6914506757342922,0.4065090911155754,0.3319884818122731,0.06270491714384634,0.05691729342285534
0.6431102228121194,0.45428455636049386,1.3572315024902384,1.5890208098385175,1.165628046892851,2.57120280572017,1.5931164741670756,1.720658712544997,0.4746923820811689,0.40951695957645234,0.1756754021868098,0.0761637305726471
0.5365557187881683,0.2859267235386473,1.3748752023516588,1.5807041813734959,1.2572890862454467,2.5666241362352444,1.6350014925217362,1.7409125967931431,0.533753291970902,0.5136621913620173,0.2404931140396444,0.1803968168578933
0.6449249571694674,0.30213380120658007,1.4164390165675338,1.5880158808923526,1.404602425975563,2.550454316998725,1.638728387396729,1.7461656023181513,0.6862980922120988,0.5643957540762881,0.32767680067528593,0.28667080406799916
0.6946234657483877,0.31531871273539436,1.447782421614131,1.6016291267508722,1.4738102559740727,2.5301531407331543,1.6359348048863604,1.753446035915994,0.6956443358896792,0.5741283198229193,0.34606312519947796,0.332008545007715
0.7912178196006718,0.37698661610405515,1.4842095966215658,1.641373363647565,1.5371838152171662,2.5406162934167877,1.6423425202965893,1.7541893140096727,0.7142220157460298,0.6052470914785917,0.3694875259301039,0.35736596070227655
0.8350008619130398,0.3901612499224677,1.5008474397680496,1.656966171322794,1.5160030388692123,2.5170540998556152,1.6351279534308314,1.7323434206798496,0.7206401220634795,0.6109076708406199,0.3661006836869977,0.3613013788908615
0.8247517120107334,0.4754232963340473,1.5335867586027354,1.6835626551114726,1.391383570132973,2.454001437575057,1.618594983043139,1.729164136868575,0.7485073702109893,0.6360251172261179,0.261889142907896,0.35024441273432355
0.9036281041901694,0.4934538216177864,1.54729330238156,1.6978674179773503,1.287566128932501,2.4406210380251743,1.6084146952923934,1.7160273496254332,0.7361864301285748,0.6283151161891752,0.24040206726981778,0.3185816772355263
0.830609752579853,1.0058151354376739,1.5751893904016443,1.748380434137334,1.1562988948945196,2.390439344758372,1.5897889496844042,1.7157147116617022,0.7955586185200513,0.6451700054910985,0.21470929555197404,0.25921692666648366
0.8801228155091686,1.0675849441837575,1.623972940962644,1.7951398615316334,1.063411521779084,2.406068463367677,1.5373159016305418,1.7532420756036478,0.8761006338758733,0.5256442612049252,0.21297334949242047,0.1559203807741989
1.2681848438226186,1.207239860639437,1.6073176759621608,1.7624696124147938,0.9716864045118239,2.3209058128169855,1.501545556991707,1.7958943272774368,0.8135219776498784,0.3191284705321641,0.22753980548002486,0.06071882582042654
1.7535300665405722,1.3100736983248187,1.6185366699021255,1.7930467005115247,0.9468213376196135,2.325860616985006,1.5124442624539163,1.8266016771932305,0.7447435068236581,0.25926160858880365,0.224933542046722,0.13358900647565486
1.6213087455737496,1.2722452903619912,1.587047978898752,1.7694671281174514,0.8890981658826504,2.3678554441839346,1.522700629351734,1.821083260250868,0.7438764448260491,0.2931404654846573,0.21970087946029873,0.15803665651136822
1.6506591358499396,1.281283352774405,1.6361394449576228,1.7932927953661633,0.9280502939732581,2.3404918046798793,1.5075342105999383,1.815218313349676,0.8282158887588049,0.3915171310773903,0.2223228674657558,0.10328663901681089
1.538803082620762,1.4550158283334054,1.6615050385224919,1.8161416591453132,0.8604438477525511,2.3039878883362848,1.4890344707820171,1.823767347558101,0.8079033079648492,0.3805045011291832,0.17592108993934885,0.08311586080811166
1.562934650211167,1.4746987631854462,1.6198864227480674,1.8075673629694398,0.860543460243442,2.3009275042066895,1.485242264892356,1.812943262205657,0.6997482544504549,0.2857010690606702,0.17247856641591816,0.07616252929374706
1.4662718355394466,1.5507309903785576,1.5699472592535046,1.7592761403274124,0.9338173771735536,2.317907009372471,1.4918193296784579,1.7376925695812955,0.6900855250660923,0.22569235530931828,0.17783606801823482,0.12227394535574068
1.6944878905260314,1.406775487339698,1.505755092326095,1.6972174858289253,1.0400301469630608,2.37177001623125,1.5165453638935986,1.6790811169997286,0.7531267700584817,0.29669867133282335,0.10496240087311431,0.12945637640142235
1.6658890091503245,1.4315694239898122,1.4855563990379297,1.686732333115911,1.2940740714396317,2.458940520586142,1.5677379566688605,1.6628768017750375,0.7014729286043092,0.3143216878809994,0.10542054340086318,0.1301882743060076
1.5550719659388417,1.4370686043427954,1.4419681738271153,1.6221218423687007,1.2659913706368315,2.442491916605884,1.6450354506732918,1.6168030477709976,0.6387699177063683,0.40454763250365544,0.15121208100501624,0.2954927284006459
1.560553108866183,1.3435005142417364,1.4307339674029957,1.6152835510406671,1.313121865370075,2.4574290628625888,1.6630907984789625,1.5556645124494632,0.5367793096128891,0.42205696400489245,0.2089006292769524,0.3860181698746322
1.5799603980645753,1.3812042447427975,1.4075227632064609,1.5881788446048373,1.385306531411122,2.4535765265748295,1.6541469346289202,1.521190197496458,0.477052546993601,0.409274615314873,0.293855081205664,0.4354539982850554
1.696083169182883,1.517237549577322,1.387452329660372,1.5239036896633364,1.3655556962805455,2.4331369265129643,1.6579860768927075,1.4988562537041468,0.36407009625191905,0.3518657474057322,0.2303083890972869,0.450421692273593
1.733178313611782,1.591725130797393,1.3577959095391754,1.5150076983476668,1.3674533270921465,2.4504087389736386,1.6661143496357933,1.4649977490349175,0.3071284526222512,0.3992747216273971,0.22150921342274238,0.4729415376955889
1.6774519145446398,1.51992282068775,1.3665252683400404,1.5268179030936704,1.3288733716650858,2.465982405214451,1.6853746063386723,1.4907734558045287,0.3324507171011464,0.4204138146130958,0.2072749590898388,0.4853515406866237
1.642646443712509,1.5802838259623821,1.3800044262749935,1.5467517925695247,1.2763459845563716,2.452736955693696,1.6764871973586482,1.5023359563031669,0.27801489749420466,0.44976371860642195,0.17412349442736125,0.4664011040456052
1.5360340146066125,1.6089416416993108,1.3682327847247657,1.5598006522322219,1.1320904510468544,2.5208724287344237,1.6824493544432078,1.5636760106425074,0.23735691810679077,0.523681040544642,0.08479008887002537,0.4353281237921774
1.5279930549131622,1.4466621981144152,1.3451135538141332,1.521183493737847,1.1729020026205013,2.5548451631930815,1.705729067052043,1.550914010626536,0.20277787815501483,0.5475734300182704,0.07599297043696089,0.4139384254114903
1.4718963644353402,1.3628639201413137,1.3512542487913004,1.4954873132674247,1.2486911947116075,2.555648593684812,1.6843317876226769,1.5456037896659598,0.20898769278667856,0.5163659127780372,0.0625489122687854,0.3215270282571692
1.24701732965673,1.0838579160984831,1.3473169079069398,1.4585539044616926,1.2267887854961168,2.511554152435848,1.6819965505906649,1.5468484691458344,0.23125597713224652,0.47665455635743426,0.09666290026998962,0.2993562741608801
1.1990478772423423,1.0695057405943142,1.3621686219396363,1.5111247789616857,1.1291856009322863,2.5236902934521934,1.7005776199993012,1.5354479034641715,0.22283296586537024,0.44409270299270986,0.0627133561315973,0.3019038671796484
1.229146110436397,0.9589603697466463,1.3625035679602202,1.55895241761872,1.0803852465245753,2.5484796164843977,1.7145529408224796,1.5048865692914148,0.24847317381796888,0.38395362601817107,0.129364977723022,0.301888037323262
1.6017892598527312,1.1672427339938312,1.4307309345211399,1.6310619169027576,1.4184767828254268,2.5496189303984584,1.7466131313204933,1.5097102589977764,0.28321861103238566,0.34176389048817013,0.2213431161933892,0.30228205630726485
1.5417201703340544,1.2263211524820847,1.419921339956234,1.622889403979449,1.4363554650729797,2.5240462027542994,1.7586788506511204,1.495764102732383,0.27034357229511397,0.29349701783591625,0.2829313496907043,0.38503235227407673
1.5441994010352653,1.1433250656533231,1.4047827427492094,1.608601390282768,1.4104393415039118,2.5218521427880143,1.7427697854036188,1.5031501047985354,0.2614996947884502,0.29888060393168275,0.30286452455778773,0.4365646162717761
1.560022026258054,1.1369952951500628,1.3948254317870907,1.5883861999241462,1.3852965413084377,2.508282917973006,1.7424296865986466,1.4852931509822267,0.22351362992475804,0.3023423362021324,0.302704269018539,0.45000120155855683
1.5949381665615472,1.2173125619565177,1.3895652250915338,1.57712843442786,1.338123062198638,2.479325306407687,1.753176809334445,1.4743425980783114,0.19665835333657455,0.2762622346161942,0.2889806345473971,0.458224208767201
1.632831903878413,1.438928724700256,1.3898055274932308,1.5838217029450674,1.3524507814571187,2.4992044170408674,1.7644750230898205,1.470161137078305,0.19534305371947921,0.24785391150161976,0.2805341649940184,0.4557589513582326
1.6522206430625825,1.572688216784381,1.37264740404526,1.5778700504998695,1.3273283086283496,2.516430203450331,1.7634474734404464,1.465131523669254,0.2069060205402027,0.26838106169103615,0.2298841711347792,0.4460498904827099
1.275052194685895,1.6813283714026526,1.310648553558336,1.503910333059592,1.175831303368852,2.5123948289826994,1.6960562543440518,1.4667376153811404,0.20519341575150518,0.3996095921382701,0.08853178597017157,0.4255298267517639
1.2563914013558644,1.5767761574707029,1.314118406052032,1.5160994120787858,1.1381985853366945,2.5130238227695587,1.6900921180307202,1.4802964131185556,0.17410791671851608,0.4178631777732979,0.09196647869821475,0.38686980485718725
1.2028098133299752,1.497744054344938,1.3226461800753133,1.5256934998831293,1.1060101025828761,2.5122632092958352,1.6853050727218015,1.4823553101023075,0.15977601192287602,0.3837817932418646,0.12713530040152812,0.3240177830784059
1.1969182526727835,1.4626529121563658,1.3454590152203592,1.5398061688624822,1.1961338802006567,2.5243619746388366,1.6811552204753282,1.4930885517347647,0.17224740482021597,0.3739461589866709,0.12961072330478984,0.2808050585156473
1.186848806726267,1.461690462911871,1.3776809227820703,1.5576615908677216,1.171856168263258,2.5065391793561798,1.689147402398371,1.5124773078664946,0.17666103392921495,0.4526192019312143,0.1281969270528378,0.2661112570422958
